1,10.805|1,10.815
1,10.805|1,10.815
1,10.805|1,10.81
1,10.805|1,10.81
1,10.805|1,10.81
1,10.805|1,10.81
1,10.805|1,10.81
1,10.805|1,10.81
1,10.805|1,10.81
1,10.805|1,10.81
1,10.805|1,10.81
1,10.805|1,10.81
1,10.805|1,10.81
1,10.805|1,10.81
1,10.805|1,10.815
1,10.805|1,10.815
1,10.805|1,10.815
1,10.805|1,10.815
1,10.805|1,10.815
1,10.805|1,10.815
1,10.805|1,10.815
1,10.805|1,10.815
1,10.805|1,10.815
1,10.805|1,10.815
1,10.805|1,10.815
1,10.805|1,10.81
1,10.805|1,10.81
1,10.805|1,10.81
1,10.805|1,10.81
1,10.805|1,10.81
1,10.805|1,10.81
1,10.805|1,10.81
1,10.805|1,10.81
1,10.805|1,10.81
1,10.805|1,10.81
1,10.805|1,10.81
1,10.8|1,10.81
1,10.8|1,10.81
1,10.8|1,10.81
1,10.8|1,10.81
1,10.8|1,10.81
1,10.8|1,10.81
1,10.8|1,10.81
1,10.8|1,10.81
1,10.8|1,10.81
1,10.8|1,10.81
1,10.805|1,10.81
1,10.805|1,10.81
1,10.805|1,10.81
1,10.8|1,10.81
1,10.8|1,10.81
1,10.8|1,10.81
1,10.8|1,10.81
1,10.8|1,10.81
1,10.805|1,10.81
1,10.805|1,10.81
1,10.805|1,10.81
1,10.805|1,10.81
1,10.805|1,10.81
1,10.805|1,10.81
1,10.8|1,10.81
1,10.8|1,10.81
1,10.8|1,10.81
1,10.8|1,10.81
1,10.8|1,10.81
1,10.8|1,10.81
1,10.8|1,10.81
1,10.8|1,10.81
1,10.8|1,10.81
1,10.8|1,10.81
1,10.8|1,10.81
1,10.8|1,10.805
1,10.8|1,10.805
1,10.8|1,10.805
1,10.8|1,10.805
1,10.8|1,10.805
1,10.8|1,10.805
1,10.8|1,10.805
1,10.8|1,10.805
1,10.8|1,10.805
1,10.8|1,10.805
1,10.8|1,10.805
1,10.8|1,10.805
1,10.8|1,10.805
1,10.8|1,10.805
1,10.8|1,10.805
1,10.8|1,10.805
1,10.8|1,10.805
1,10.8|1,10.805
1,10.8|1,10.805
1,10.8|1,10.805
1,10.8|1,10.81
1,10.8|1,10.81
1,10.8|1,10.81
1,10.8|1,10.81
1,10.8|1,10.81
1,10.805|1,10.81
1,10.805|1,10.81
1,10.805|1,10.81
1,10.805|1,10.81
1,10.805|1,10.81
1,10.805|1,10.81
1,10.805|1,10.81
1,10.805|1,10.81
1,10.805|1,10.81
1,10.805|1,10.81
1,10.805|1,10.81
1,10.805|1,10.81
1,10.805|1,10.81
1,10.805|1,10.81
1,10.805|1,10.81
1,10.805|1,10.81
1,10.805|1,10.81
1,10.805|1,10.81
1,10.805|1,10.81
1,10.805|1,10.81
1,10.805|1,10.81
1,10.805|1,10.81
1,10.805|1,10.81
1,10.805|1,10.81
1,10.805|1,10.81
1,10.805|1,10.81
1,10.805|1,10.81
1,10.805|1,10.81
1,10.805|1,10.81
1,10.805|1,10.81
1,10.805|1,10.81
1,10.805|1,10.81
1,10.805|1,10.81
1,10.805|1,10.81
1,10.805|1,10.81
1,10.805|1,10.81
1,10.805|1,10.81
1,10.805|1,10.81
1,10.805|1,10.81
1,10.805|1,10.81
1,10.805|1,10.81
1,10.805|1,10.81
1,10.805|1,10.81
1,10.805|1,10.81
1,10.805|1,10.81
1,10.805|1,10.81
1,10.805|1,10.81
1,10.805|1,10.81
1,10.805|1,10.81
1,10.805|1,10.81
1,10.805|1,10.81
1,10.805|1,10.81
1,10.805|1,10.81
1,10.805|1,10.81
1,10.805|1,10.81
1,10.805|1,10.815
1,10.805|1,10.815
1,10.805|1,10.815
1,10.805|1,10.815
1,10.805|1,10.815
1,10.805|1,10.815
1,10.805|1,10.815
1,10.81|1,10.815
1,10.81|1,10.815
1,10.81|1,10.815
1,10.81|1,10.815
1,10.81|1,10.815
1,10.81|1,10.815
1,10.81|1,10.815
1,10.81|1,10.815
1,10.81|1,10.815
1,10.81|1,10.815
1,10.81|1,10.815
1,10.81|1,10.82
1,10.81|1,10.82
1,10.81|1,10.82
1,10.81|1,10.82
1,10.81|1,10.82
1,10.81|1,10.82
1,10.81|1,10.82
1,10.81|1,10.82
1,10.81|1,10.82
1,10.815|1,10.82
1,10.815|1,10.82
1,10.815|1,10.82
1,10.81|1,10.82
1,10.805|1,10.82
1,10.805|1,10.82
1,10.805|1,10.82
1,10.805|1,10.82
1,10.805|1,10.82
1,10.805|1,10.82
1,10.81|1,10.82
1,10.81|1,10.82
1,10.81|1,10.82
1,10.81|1,10.82
1,10.81|1,10.82
1,10.81|1,10.82
1,10.81|1,10.82
1,10.81|1,10.82
1,10.81|1,10.82
1,10.81|1,10.82
1,10.81|1,10.82
1,10.81|1,10.82
1,10.81|1,10.82
1,10.81|1,10.82
1,10.81|1,10.82
1,10.81|1,10.82
1,10.81|1,10.82
1,10.81|1,10.82
1,10.81|1,10.82
1,10.81|1,10.82
1,10.81|1,10.82
1,10.815|1,10.82
1,10.815|1,10.825
1,10.815|1,10.825
1,10.815|1,10.825
1,10.815|1,10.825
1,10.815|1,10.825
1,10.815|1,10.825
1,10.815|1,10.825
1,10.81|1,10.825
1,10.81|1,10.825
1,10.81|1,10.825
1,10.81|1,10.825
1,10.81|1,10.825
1,10.81|1,10.825
1,10.81|1,10.825
1,10.81|1,10.825
1,10.81|1,10.825
1,10.81|1,10.825
1,10.81|1,10.825
1,10.81|1,10.825
1,10.81|1,10.825
1,10.815|1,10.825
1,10.815|1,10.825
1,10.815|1,10.825
1,10.815|1,10.825
1,10.815|1,10.82
1,10.815|1,10.82
1,10.815|1,10.82
1,10.815|1,10.82
1,10.815|1,10.82
1,10.815|1,10.82
1,10.815|1,10.825
1,10.815|1,10.825
1,10.815|1,10.825
1,10.815|1,10.825
1,10.815|1,10.825
1,10.815|1,10.825
1,10.82|1,10.825
1,10.815|1,10.825
1,10.815|1,10.825
1,10.815|1,10.825
1,10.815|1,10.825
1,10.815|1,10.825
1,10.815|1,10.825
1,10.815|1,10.825
1,10.815|1,10.825
1,10.815|1,10.825
1,10.815|1,10.825
1,10.815|1,10.825
1,10.815|1,10.825
1,10.815|1,10.825
1,10.815|1,10.825
1,10.815|1,10.825
1,10.815|1,10.825
1,10.815|1,10.825
1,10.815|1,10.825
1,10.815|1,10.825
1,10.815|1,10.825
1,10.815|1,10.825
1,10.815|1,10.825
1,10.815|1,10.825
1,10.82|1,10.825
1,10.82|1,10.825
1,10.82|1,10.825
1,10.82|1,10.825
1,10.82|1,10.825
1,10.82|1,10.825
1,10.82|1,10.825
1,10.815|1,10.825
1,10.815|1,10.825
1,10.815|1,10.825
1,10.815|1,10.825
1,10.815|1,10.825
1,10.815|1,10.825
1,10.815|1,10.825
1,10.815|1,10.825
1,10.815|1,10.825
1,10.815|1,10.825
1,10.815|1,10.825
1,10.815|1,10.825
1,10.815|1,10.825
1,10.815|1,10.825
1,10.82|1,10.825
1,10.82|1,10.825
1,10.82|1,10.825
1,10.82|1,10.825
1,10.82|1,10.825
1,10.82|1,10.825
1,10.82|1,10.83
1,10.82|1,10.83
1,10.82|1,10.83
1,10.82|1,10.83
1,10.82|1,10.83
1,10.82|1,10.83
1,10.82|1,10.83
1,10.82|1,10.83
1,10.82|1,10.83
1,10.82|1,10.83
1,10.82|1,10.83
1,10.82|1,10.83
1,10.825|1,10.83
1,10.825|1,10.83
1,10.825|1,10.83
1,10.825|1,10.83
1,10.82|1,10.83
1,10.82|1,10.83
1,10.82|1,10.83
1,10.82|1,10.83
1,10.82|1,10.83
1,10.82|1,10.825
1,10.82|1,10.825
1,10.82|1,10.825
1,10.82|1,10.83
1,10.82|1,10.83
1,10.82|1,10.83
1,10.82|1,10.83
1,10.82|1,10.83
1,10.82|1,10.83
1,10.82|1,10.83
1,10.82|1,10.83
1,10.82|1,10.825
1,10.82|1,10.825
1,10.815|1,10.825
1,10.815|1,10.825
1,10.815|1,10.825
1,10.815|1,10.825
1,10.815|1,10.825
1,10.815|1,10.825
1,10.815|1,10.825
1,10.815|1,10.825
1,10.835|1,10.84
1,10.835|1,10.84
1,10.83|1,10.84
1,10.83|1,10.84
1,10.83|1,10.84
1,10.83|1,10.84
1,10.83|1,10.84
1,10.83|1,10.84
1,10.83|1,10.835
1,10.83|1,10.835
1,10.83|1,10.84
1,10.83|1,10.84
1,10.83|1,10.84
1,10.83|1,10.84
1,10.83|1,10.84
1,10.83|1,10.84
1,10.83|1,10.84
1,10.83|1,10.84
1,10.83|1,10.84
1,10.83|1,10.84
1,10.83|1,10.835
1,10.83|1,10.835
1,10.83|1,10.835
1,10.83|1,10.835
1,10.83|1,10.835
1,10.825|1,10.835
1,10.825|1,10.835
1,10.825|1,10.835
1,10.825|1,10.835
1,10.825|1,10.835
